player,runs,wickets,matches,strike_rate
Virat,1.0487717547663338,-0.9354143466934854,-0.15617376188860552,0.900817656969175
Rohit,0.07232908653560922,-0.9354143466934854,-1.0932163332202418,0.6349233575060016
Gill,1.4978148336749078,-0.9354143466934854,1.717911380774667,1.0506853530302376
Bumrah,-1.1090459935460082,1.0690449676496976,-1.0932163332202418,-1.2360056223530544
Shami,-1.1301419771188943,1.4699368305183342,-0.15617376188860552,-1.4632243873488573
Jadeja,-0.37972770431194847,0.26726124191242434,0.7808688094430308,0.11280364219649827
